system,recall_ceiling,precision_ceiling,f1_ceiling,mean_pool_size,n_queries
emb_1hop,0.03376532839485603,0.00031162769313571086,0.0006121049826420589,421.34264079507807,12678
emb_2hop,0.041936696596002014,0.00019621980569145607,0.00038891870662561754,803.5531629594574,12678
graph_1hop,0.4738464175391837,0.01262291889682458,0.024037956120996073,179.55844770468528,12678
graph_2hop,0.5174145517964035,0.0028437767440802676,0.00563147211455983,826.3299416311721,12678
rag,0.022991658256151803,0.0011555450386496293,0.0021078443246789775,60.0,12678
